{
    "data_fit_A": 18.65526147803512,
    "data_fit_B": 4.631874547529797,
    "data_fit_C": -0.00011951543790214614,
    "data_fit_D": 7.261507055561823e-08
}
